id,home_team,away_team,home_goals,away_goals,home_xg,away_xg,spectators
1006,Sport,JYP,3,3,,,4500
1007,Lukko,Ässät,2,0,1.8,0.77,4500
1008,JYP,TPS,1,3,,,4500
1009,Ässät,SaiPa,0,2,1.23,0.83,4500
1010,TPS,Sport,0,0,0.53,0.72,4500
1011,SaiPa,Lukko,1,0,1.18,0.54,4500
1012,Ässät,JYP,1,1,2.67,0.34,4500
1013,SaiPa,Sport,1,0,0.95,0.72,4500
1014,TPS,Lukko,1,0,1.67,1.23,4500
1015,SaiPa,TPS,4,2,1.83,2.06,4500
1052,Tappara,K-Espoo,2,4,,,1000
1083,HIFK,HPK,3,0,,,904
1095,Jukurit,Pelicans,1,5,,,1031
1713,RoKi,Kärpät,2,6,,,927
1053,K-Espoo,HIFK,3,5,,,2702
1020,JYP,Sport,5,0,,,750
1061,KooKoo,Jukurit,0,4,,,163
1040,Kärpät,KalPa,2,3,1.73,3.41,2531
7095,KeuPa HT,JYP,3,4,,,523
1054,SaiPa,K-Espoo,2,7,,,546
1055,KooKoo,SaiPa,3,2,,,248
1077,Ässät,HPK,4,3,4.07,1.52,380
1072,"HC Davos, SUI",HIFK,5,2,2.95,1.64,1200
1078,TPS,Lukko,1,3,1.64,1.81,1442
1060,Jukurit,K-Espoo,1,4,,,110
1073,Tappara,Ilves,1,2,2.78,1.82,4284
1074,HIFK,Tappara,4,9,2.59,3.24,2432
1079,Lukko,Ässät,5,1,2.93,1.21,500
1075,Ilves,"HC Davos, SUI",1,3,2.06,2.62,2605
1080,TPS,HPK,7,1,3.49,1.53,713
1041,KalPa,JYP,1,4,3.01,0.81,1960
1049,KooKoo,HPK,3,5,2.9,2.23,935
1096,Pelicans,Jukurit,2,5,2.18,1.63,1060
1081,TPS,"Stavanger Oilers, NOR",7,3,,,937
1022,"Timrå IK, SWE",Sport,5,4,,,2729
1714,Luleå HF,Kärpät,4,2,,,2054
1715,Kärpät,Luleå HF,3,2,,,1031
1042,Ilves,KalPa,5,4,2.55,2.39,2241
1046,Ässät,Lukko,3,5,1.18,2.47,1139
1062,Ketterä,SaiPa,2,6,,,632
1023,"Timrå IK, SWE",Sport,5,0,,,0
1082,TPS,"Stavanger Oilers, NOR",7,2,,,912
1087,"Geneve Servette HC, SUI",Lukko,5,2,,,0
1024,Sport,Ässät,1,5,2.19,1.42,1241
1043,JYP,KalPa,2,3,,,753
1084,HPK,Pelicans,1,3,1.17,2.31,1534
1063,Jukurit,SaiPa,2,3,,,989
1085,Pelicans,HPK,3,2,2.07,1.36,681
1047,Ässät,TPS,5,2,1.62,2.05,671
1050,KooKoo,Tappara,4,3,1.8,4.02,959
1056,K-Espoo,"Tingsryds AIF, SWE",4,3,,,1544
1086,Sport,JYP,1,2,,,410
1716,"HC Motor Ceske Budejovice, CZE",Kärpät,0,4,,,0
1093,"EHC Kloten, SUI",HIFK,1,4,,,0
1088,"Lausanne HC, SUI",Lukko,2,5,,,1083
1057,Jukurit,K-Espoo,1,3,,,423
1044,KooKoo,KalPa,1,5,0.96,2.67,810
1059,TPS,Ilves,1,2,1.7,0.67,1173
1717,"Eisbären Berlin, GER",Kärpät,4,2,,,520
1094,"HC Ambri-Piotta, SUI",HIFK,3,2,,,1224
1089,Lukko,"HC Banska Bystrica, SVK",1,5,,,192
1025,Sport,Lukko,1,0,2.21,1.42,1149
1048,Ässät,HPK,4,5,3.46,1.6,720
1058,TPS,K-Espoo,2,4,2.86,1.79,1031
1718,JYP,Kärpät,2,9,1.51,4.48,2333
1045,KalPa,Jukurit,6,2,2.34,1.85,1808
1026,Ässät,Sport,3,1,2.56,1.6,717
1051,HPK,KooKoo,3,2,1.35,3.15,870
1064,SaiPa,JYP,2,2,0.77,1.09,0
1,HIFK,K-Espoo,5,2,2.6,2.6,8200
2,Jukurit,HPK,7,3,5.34,1.62,2056
3,JYP,Pelicans,3,4,3.71,3.34,2797
4,KalPa,SaiPa,3,2,3.02,2.01,3967
5,Lukko,KooKoo,3,4,3.76,2.2,3624
6,Sport,Kärpät,2,3,3.02,3.57,3497
7,Tappara,TPS,2,3,2.13,2.78,9331
8,HPK,Sport,3,2,1.96,3.41,2866
9,JYP,KalPa,3,2,2.0,4.04,2913
10,KooKoo,SaiPa,1,2,3.22,2.0,3965
11,Kärpät,Jukurit,3,2,3.41,2.19,4886
12,Lukko,TPS,3,2,4.21,3.74,3807
13,K-Espoo,HIFK,2,3,2.93,2.38,6982
15,SaiPa,KooKoo,2,3,2.9,4.26,4013
16,Sport,Jukurit,4,1,3.92,2.38,2752
17,TPS,K-Espoo,2,3,3.58,1.99,6035
18,Ässät,HPK,2,0,3.61,2.06,5039
19,Tappara,SaiPa,3,0,3.45,1.83,4247
20,HIFK,HPK,6,2,3.81,2.34,6762
21,Ilves,TPS,4,2,1.89,2.18,5571
22,Jukurit,K-Espoo,4,6,3.85,3.22,2142
23,Lukko,Sport,2,3,4.99,2.46,2832
24,Pelicans,Ässät,2,5,2.93,2.53,2234
25,KooKoo,KalPa,3,4,3.74,3.42,2636
26,HPK,Ilves,0,4,1.44,3.12,3194
27,Pelicans,Lukko,0,4,1.96,2.63,2606
28,SaiPa,K-Espoo,4,1,1.52,1.91,3015
29,TPS,Jukurit,3,2,2.78,2.68,4364
30,Ässät,Kärpät,4,5,2.07,2.24,4188
31,Tappara,HIFK,1,4,2.97,2.49,6203
32,HIFK,SaiPa,4,8,4.43,3.76,7099
33,Ilves,Pelicans,6,3,3.42,2.03,8791
34,JYP,Tappara,2,4,1.54,1.82,3579
35,K-Espoo,Jukurit,3,2,2.18,2.84,3176
36,Lukko,Kärpät,6,3,3.04,2.83,4038
37,Sport,Ässät,3,4,3.6,2.13,3532
38,KalPa,TPS,5,0,2.49,1.98,3531
39,Tappara,KalPa,3,1,1.97,2.5,4252
40,Ilves,KooKoo,5,2,2.6,2.48,4787
41,Jukurit,Ässät,4,3,4.7,2.31,2012
42,Kärpät,JYP,4,2,2.24,2.93,3902
43,Sport,Pelicans,3,1,3.55,2.24,3269
44,TPS,HPK,6,5,3.24,2.54,5068
45,HPK,K-Espoo,5,2,2.15,1.28,3388
46,KalPa,Jukurit,2,1,2.89,2.72,3360
47,KooKoo,Sport,3,2,3.17,1.93,3081
48,Lukko,HIFK,2,3,2.16,1.95,3256
49,Tappara,Kärpät,4,1,3.03,2.11,8407
50,Ässät,TPS,4,6,3.28,1.59,4636
51,Pelicans,Ilves,3,4,1.53,1.8,2619
52,HIFK,Pelicans,2,5,2.17,1.56,7074
53,Ilves,Lukko,3,2,2.34,2.54,6993
54,Jukurit,KooKoo,2,5,1.56,3.98,2427
55,JYP,HPK,2,1,2.15,2.55,2855
56,K-Espoo,KalPa,1,2,2.36,2.62,3667
57,Kärpät,Tappara,5,8,2.54,2.75,5645
58,SaiPa,Sport,2,3,3.73,2.57,3850
59,TPS,Ässät,4,1,1.96,3.85,6263
60,Ilves,Sport,7,2,3.31,2.76,5478
61,K-Espoo,SaiPa,2,0,2.96,2.22,4452
62,Lukko,JYP,4,2,3.05,1.39,3683
63,HIFK,KooKoo,3,4,3.92,2.71,7025
64,HPK,Kärpät,3,4,2.31,3.62,2585
65,Ässät,Ilves,3,0,2.07,2.17,3629
66,SaiPa,Lukko,1,4,1.12,2.53,2440
67,HPK,KooKoo,4,3,1.24,3.18,2617
68,Ilves,Jukurit,4,1,1.71,1.41,5246
69,JYP,K-Espoo,4,5,2.54,1.91,2875
70,Pelicans,Tappara,3,2,2.66,1.99,2952
71,Ässät,KalPa,0,3,1.34,3.81,4074
72,HIFK,Kärpät,3,4,2.3,2.35,7488
73,Jukurit,Pelicans,1,4,1.48,1.33,2729
74,KooKoo,Lukko,2,1,2.37,3.11,3870
75,SaiPa,HIFK,0,2,1.81,1.35,4020
76,Sport,KalPa,2,4,5.02,3.52,3476
77,Tappara,JYP,5,0,4.13,1.63,6259
78,TPS,Kärpät,2,4,2.48,0.84,5884
79,Ilves,Ässät,1,2,1.84,2.31,8105
80,HIFK,Jukurit,2,1,2.48,3.22,6371
82,KooKoo,Ässät,4,3,1.83,2.54,2955
83,Kärpät,K-Espoo,2,5,3.91,2.74,4625
84,SaiPa,TPS,6,5,2.07,4.68,2480
85,Sport,JYP,3,1,2.77,0.97,2485
14,KalPa,JYP,3,4,1.84,2.16,3800
86,Ilves,Kärpät,4,3,3.21,1.44,6940
87,Jukurit,HIFK,2,4,2.59,2.19,2385
88,Lukko,HPK,5,0,4.46,1.26,3374
89,Sport,SaiPa,2,3,3.66,1.1,4476
90,TPS,KooKoo,1,2,3.39,2.35,4888
91,K-Espoo,Tappara,5,3,2.6,2.26,6126
93,HPK,Pelicans,5,3,3.99,2.56,4076
92,HIFK,Ilves,4,0,2.18,2.37,8200
94,JYP,Jukurit,1,4,3.6,0.98,3212
95,KooKoo,K-Espoo,1,2,3.97,4.06,4440
96,Tappara,Lukko,4,2,2.2,3.73,9139
97,Ässät,SaiPa,3,1,3.6,1.91,4697
98,Kärpät,Sport,5,4,2.8,3.46,4202
81,KalPa,HPK,3,2,3.3,2.18,3602
99,HIFK,TPS,4,3,2.19,3.06,7721
100,Jukurit,Lukko,4,3,2.09,3.69,2147
101,Sport,KooKoo,5,1,3.31,2.16,3757
102,Ässät,K-Espoo,4,3,3.18,2.31,4373
103,JYP,KooKoo,2,0,3.0,2.69,2857
104,Kärpät,KalPa,4,5,3.41,3.6,4808
105,Lukko,SaiPa,5,3,2.32,2.83,3578
106,Pelicans,HPK,4,0,3.23,2.8,3468
107,TPS,HIFK,2,4,2.69,2.93,6658
108,Ilves,Tappara,1,5,2.27,2.38,12700
109,HPK,HIFK,3,4,2.75,2.42,4075
110,KooKoo,Pelicans,4,1,3.61,1.99,3291
111,Kärpät,KalPa,1,2,1.59,2.12,4519
112,SaiPa,JYP,7,6,4.42,2.47,4029
113,Tappara,Jukurit,5,3,4.5,1.76,8036
114,Ässät,Sport,5,4,4.38,2.74,5357
115,Tappara,K-Espoo,1,2,2.95,3.21,5459
116,Ilves,HPK,1,4,2.68,2.35,7219
117,JYP,SaiPa,2,4,2.67,2.46,2844
118,Jukurit,TPS,2,4,2.77,2.4,2035
119,K-Espoo,Lukko,1,4,2.12,3.41,3687
121,Kärpät,SaiPa,3,6,1.93,3.57,4319
122,Pelicans,HIFK,6,4,2.89,2.39,3553
123,Jukurit,KalPa,3,2,3.73,2.1,2299
124,JYP,HIFK,5,6,2.56,2.44,3067
125,K-Espoo,HPK,5,2,2.38,2.05,3546
126,KooKoo,Tappara,2,3,1.41,2.62,3487
127,SaiPa,Pelicans,3,1,1.56,1.95,3708
128,TPS,Ilves,5,3,1.43,3.14,5682
129,Ässät,Lukko,4,1,2.53,1.77,6000
130,HPK,TPS,2,0,2.07,1.17,3120
131,KalPa,HIFK,3,4,3.33,2.62,5219
132,Kärpät,KooKoo,3,2,2.94,1.86,4389
133,Lukko,Ässät,4,1,2.56,2.33,4500
134,Pelicans,JYP,1,2,2.7,1.69,3283
135,Sport,Tappara,2,3,3.39,3.12,4249
136,K-Espoo,Sport,3,1,2.09,2.24,2967
137,Lukko,Ilves,2,3,2.99,2.35,3114
138,KalPa,Tappara,1,4,2.44,2.92,3587
139,SaiPa,Jukurit,5,2,2.39,1.85,3029
140,TPS,Pelicans,5,3,2.88,2.57,6074
141,Ässät,KooKoo,4,1,3.4,3.58,3671
142,Sport,Ilves,4,1,2.61,2.07,3306
143,HIFK,Kärpät,2,3,3.93,2.5,8200
144,HPK,Lukko,0,4,2.07,3.27,2458
145,K-Espoo,Jukurit,2,1,1.98,2.01,2806
146,Pelicans,KooKoo,6,3,3.03,2.66,3009
147,Ässät,Tappara,4,1,2.59,1.99,4951
148,JYP,KalPa,4,3,1.59,2.57,3222
156,TPS,Tappara,3,4,2.33,2.09,6607
149,Jukurit,K-Espoo,2,3,2.07,2.92,2371
150,KalPa,JYP,4,1,2.91,2.7,3557
151,KooKoo,Ilves,3,4,2.14,3.12,3158
152,Kärpät,HIFK,2,3,2.31,1.77,5587
153,Lukko,Pelicans,1,3,1.99,1.51,3478
154,SaiPa,Ässät,4,1,3.9,1.83,3912
155,Sport,HPK,3,2,3.46,1.28,4652
157,JYP,Lukko,2,5,2.19,3.35,3112
158,KalPa,Sport,7,3,2.73,1.82,2913
159,SaiPa,Kärpät,4,3,2.86,2.67,3295
160,Ässät,KooKoo,4,3,2.9,2.63,4107
162,K-Espoo,JYP,1,4,2.14,1.65,3805
161,Jukurit,Kärpät,0,2,2.18,1.45,2312
163,HPK,Pelicans,5,2,2.34,2.28,2820
164,SaiPa,KalPa,2,1,1.8,2.27,4367
165,Tappara,Ilves,0,4,3.05,2.43,12700
166,TPS,Sport,3,2,3.8,2.53,5838
167,KooKoo,HIFK,4,1,2.8,2.21,3443
169,K-Espoo,Ässät,7,0,4.16,2.2,4759
168,Ilves,JYP,5,2,2.46,1.3,9743
170,KalPa,HIFK,7,2,3.83,2.16,4687
171,Lukko,Jukurit,4,0,4.15,1.75,4227
172,Pelicans,Kärpät,4,1,2.88,2.73,3254
173,Sport,TPS,5,2,3.07,2.72,3658
174,Tappara,HPK,3,0,1.13,2.11,6158
175,HPK,Ässät,2,3,3.72,3.33,2390
176,Jukurit,SaiPa,2,3,1.78,2.1,2259
177,JYP,Sport,3,2,2.16,2.89,2742
178,Kärpät,Lukko,3,4,2.62,2.1,4223
179,TPS,KalPa,1,3,2.75,2.1,4705
180,HIFK,Ässät,3,1,2.73,1.95,7396
182,KooKoo,TPS,3,2,1.87,1.98,2771
183,SaiPa,Tappara,4,3,3.06,2.99,4820
184,K-Espoo,Kärpät,3,2,1.85,2.29,4804
185,Jukurit,Ilves,3,2,2.15,3.23,2468
186,JYP,TPS,0,3,1.83,2.54,2871
187,KalPa,KooKoo,4,5,4.97,2.24,3289
188,Kärpät,HPK,4,5,1.93,2.41,4081
189,Lukko,Tappara,3,4,2.85,1.66,3836
190,Pelicans,K-Espoo,4,5,4.03,2.86,3154
191,Sport,HIFK,0,1,1.95,1.97,4836
192,Ässät,Pelicans,1,3,2.03,3.02,4012
193,Tappara,Sport,6,2,3.14,2.03,5666
194,Ilves,K-Espoo,2,0,2.5,2.91,6254
195,KalPa,Pelicans,3,2,3.01,1.78,2772
196,TPS,SaiPa,1,2,2.79,2.92,5317
197,HPK,KalPa,3,4,2.65,2.68,2702
198,KooKoo,Kärpät,2,1,3.92,2.39,2544
199,Pelicans,Jukurit,2,4,3.05,2.07,3014
200,Sport,Lukko,5,1,2.1,3.82,3155
201,Tappara,Ässät,2,4,3.6,2.02,6611
203,SaiPa,HPK,3,2,3.51,2.49,4561
202,HIFK,K-Espoo,1,2,2.93,2.87,8200
204,Ilves,Tappara,2,4,2.71,2.67,12700
205,Jukurit,Sport,4,6,1.53,2.62,2115
206,JYP,Kärpät,6,4,3.54,2.67,3017
207,KalPa,Ässät,2,1,2.44,2.65,3316
208,Lukko,TPS,4,5,2.91,2.33,3636
209,HIFK,Tappara,4,2,3.11,2.45,8200
210,HPK,Jukurit,3,0,3.27,1.75,2651
211,K-Espoo,Ilves,3,6,2.9,3.51,4605
212,KooKoo,JYP,5,0,3.78,1.94,3017
213,Kärpät,Ässät,1,4,1.95,3.02,4454
214,Pelicans,Sport,1,3,3.54,1.96,2572
215,TPS,Lukko,1,2,1.91,1.72,7137
216,HIFK,Lukko,1,7,0.88,3.55,7531
217,K-Espoo,KooKoo,4,3,3.27,3.23,2932
120,KalPa,Ilves,1,2,2.15,4.57,3486
218,HPK,SaiPa,1,5,1.77,4.33,2902
219,Jukurit,Tappara,2,4,3.07,2.59,2152
220,Kärpät,Pelicans,5,4,2.96,2.77,3922
221,TPS,Sport,3,4,3.66,3.79,3582
222,Ässät,JYP,3,1,3.22,1.28,3682
223,HIFK,JYP,1,3,2.94,2.18,7557
224,HPK,Tappara,2,3,5.39,3.47,3604
225,KooKoo,SaiPa,1,4,3.01,3.39,4702
226,Kärpät,Ilves,2,4,2.54,3.77,4429
227,Lukko,K-Espoo,1,4,3.4,3.66,3325
228,Pelicans,KalPa,2,1,1.96,2.73,3027
229,Sport,TPS,4,5,3.33,4.55,3921
230,Ässät,Jukurit,3,4,3.01,1.91,4230
231,Ilves,SaiPa,2,1,2.04,4.55,9685
232,KooKoo,HPK,3,4,3.86,3.38,1918
233,Tappara,Pelicans,2,3,4.0,2.26,5574
234,HIFK,KooKoo,5,1,4.21,2.32,7007
235,JYP,Ilves,6,2,3.13,1.83,2784
236,K-Espoo,TPS,4,1,2.04,2.27,3642
237,Kärpät,SaiPa,3,2,1.67,2.71,4088
238,Lukko,Sport,3,2,3.45,1.58,2783
239,Tappara,HIFK,4,3,3.94,3.13,7298
240,Jukurit,JYP,2,1,2.36,1.47,2335
241,KalPa,Lukko,1,4,2.9,2.09,3287
242,TPS,Ilves,3,2,2.96,2.86,4590
243,Ässät,Pelicans,2,0,2.91,1.11,3885
244,HPK,Kärpät,0,4,2.23,2.39,2817
245,HIFK,KalPa,3,4,2.99,3.76,7655
246,JYP,Jukurit,4,1,2.75,2.49,2746
247,K-Espoo,Ilves,2,3,2.7,3.11,6982
248,KooKoo,TPS,5,2,3.72,3.16,2616
250,Pelicans,HPK,2,3,2.87,2.21,2983
251,SaiPa,Ässät,6,1,2.84,2.12,4728
252,Sport,Tappara,6,4,2.92,3.68,4016
249,Kärpät,Lukko,5,4,1.67,3.3,4028
253,HIFK,Sport,3,2,1.9,4.3,7082
254,KooKoo,K-Espoo,5,4,2.39,2.79,2401
255,Kärpät,Jukurit,1,2,2.02,3.06,3866
256,Lukko,KalPa,5,3,2.94,4.29,2774
257,Pelicans,SaiPa,6,3,4.02,3.32,3168
258,TPS,JYP,3,2,2.73,0.94,4640
259,Ässät,HPK,0,3,2.35,1.41,3810
260,HPK,KalPa,2,1,1.91,1.84,3260
261,JYP,KooKoo,5,6,2.39,3.53,2616
262,K-Espoo,Kärpät,0,5,1.68,2.22,4030
263,SaiPa,Tappara,3,2,3.25,2.24,4637
264,Sport,Ässät,1,2,2.18,1.92,4307
278,Pelicans,TPS,3,4,2.39,3.46,2637
265,Ilves,HIFK,2,0,2.69,1.7,8634
266,Jukurit,TPS,5,4,2.99,2.22,2278
267,KalPa,K-Espoo,2,3,4.25,3.89,3765
268,KooKoo,Ilves,5,4,3.99,2.23,3218
269,Kärpät,Sport,4,0,2.69,1.6,4459
270,Lukko,Pelicans,2,5,4.33,3.25,4427
271,Tappara,SaiPa,1,0,1.72,2.41,11016
272,Ässät,HIFK,4,2,3.76,2.58,5122
273,HIFK,HPK,4,3,2.15,3.26,8200
274,K-Espoo,Ässät,1,3,1.99,3.25,4772
275,KalPa,SaiPa,9,2,5.6,1.57,4821
276,KooKoo,Jukurit,3,4,3.0,1.56,3561
277,Lukko,Ilves,5,3,3.83,1.62,4500
279,Tappara,JYP,3,2,2.46,1.26,11201
280,Ilves,KalPa,4,1,2.64,2.82,8321
281,Jukurit,HIFK,5,2,3.57,2.56,3540
282,JYP,Lukko,2,5,1.91,3.36,3403
283,SaiPa,K-Espoo,5,4,3.03,3.23,4820
284,Sport,Pelicans,3,2,3.07,2.16,5200
285,TPS,HPK,4,2,2.35,2.59,8008
286,Ässät,Tappara,5,0,3.44,1.73,6000
287,Ilves,Jukurit,5,0,3.61,0.83,10053
288,Pelicans,Tappara,7,1,3.9,2.37,3771
289,Ilves,Ässät,3,1,2.29,1.4,9633
290,JYP,TPS,6,3,2.56,1.93,2675
291,Lukko,K-Espoo,3,2,3.17,2.43,4500
292,Pelicans,HIFK,4,0,3.67,1.71,4403
293,SaiPa,KooKoo,1,4,2.15,4.02,4723
294,KalPa,Tappara,5,2,2.17,3.38,3744
295,HIFK,Pelicans,6,3,2.72,2.93,8200
296,HPK,Lukko,3,5,2.06,2.5,3450
297,K-Espoo,JYP,0,4,3.1,3.5,3857
298,KooKoo,SaiPa,3,2,4.28,1.98,4312
299,Kärpät,TPS,4,3,2.85,2.15,5489
300,Sport,Jukurit,6,3,2.79,3.2,5200
301,Ässät,Ilves,2,1,3.49,2.75,5718
302,Tappara,KalPa,2,4,1.59,2.32,7234
303,HPK,Ässät,2,1,3.05,1.79,2418
304,Ilves,Kärpät,3,4,2.09,3.83,6151
305,JYP,Tappara,6,4,1.84,2.67,2555
306,K-Espoo,Sport,2,3,2.91,3.49,2312
307,KalPa,Jukurit,3,2,2.87,1.36,2800
308,Pelicans,Lukko,2,5,2.32,3.03,2131
309,SaiPa,HIFK,2,0,1.79,2.39,3848
310,TPS,KooKoo,0,6,3.41,5.28,3384
311,HIFK,KalPa,3,1,1.89,2.77,7451
312,Jukurit,JYP,1,5,1.86,2.32,2869
313,SaiPa,Pelicans,2,4,3.01,4.03,4178
314,Sport,Ilves,4,3,2.85,2.68,4185
315,Tappara,K-Espoo,7,1,4.22,1.86,7583
316,KooKoo,Kärpät,5,3,2.91,2.59,2905
317,HPK,JYP,3,2,2.87,1.81,3759
318,Ilves,Sport,2,1,2.71,2.95,8001
319,K-Espoo,KooKoo,4,3,3.55,2.66,4769
320,KalPa,Ässät,2,4,1.72,1.97,3537
321,Lukko,Jukurit,8,0,3.14,1.79,3786
322,Pelicans,Kärpät,2,1,2.67,2.04,3638
323,TPS,HIFK,2,3,4.93,3.06,7775
324,Kärpät,Ässät,5,2,2.83,3.04,4927
325,SaiPa,Lukko,1,4,1.61,2.25,3293
326,TPS,KalPa,3,2,2.83,6.32,4001
327,HPK,TPS,1,5,1.36,3.52,3588
328,Ilves,HIFK,2,3,2.38,1.89,8817
329,KalPa,KooKoo,2,3,5.78,3.27,2912
330,Kärpät,K-Espoo,1,4,3.19,2.39,4559
331,Lukko,Tappara,3,2,2.62,2.33,3862
332,SaiPa,Sport,2,1,2.95,1.05,3276
333,Ässät,Jukurit,5,1,3.74,2.38,5207
334,Pelicans,JYP,1,3,1.64,1.79,3309
335,TPS,Pelicans,3,2,2.34,2.82,4853
341,Tappara,Lukko,2,4,1.79,2.63,8209
336,HIFK,Ilves,1,3,1.59,3.46,8200
337,Jukurit,SaiPa,2,3,2.82,4.78,3326
339,K-Espoo,HPK,0,3,1.54,3.31,4002
340,KooKoo,Sport,5,6,3.52,4.12,3605
338,JYP,Kärpät,0,4,1.56,2.77,3815
342,JYP,Ässät,5,2,4.12,1.95,2503
343,K-Espoo,Lukko,2,4,2.24,3.57,2865
344,Kärpät,HPK,0,3,2.42,2.78,4012
345,Sport,SaiPa,3,4,2.92,2.55,3651
346,KalPa,HPK,1,4,3.44,2.36,3197
347,Pelicans,KooKoo,3,4,2.76,3.67,3238
348,SaiPa,Kärpät,6,3,3.96,1.16,4101
349,Sport,JYP,2,3,1.88,2.43,3836
350,Tappara,Ilves,2,3,3.82,2.64,12700
351,TPS,K-Espoo,4,3,3.8,3.06,4483
352,Lukko,Ässät,5,4,3.7,2.65,7122
353,HPK,Tappara,4,3,1.69,2.99,3900
354,Ilves,TPS,1,0,2.58,1.89,10084
355,Jukurit,Kärpät,2,3,3.78,1.42,2186
357,K-Espoo,KalPa,0,3,1.42,2.92,3830
358,KooKoo,Pelicans,3,2,2.16,3.5,4563
359,Ässät,Lukko,4,1,3.2,3.65,8740
356,JYP,HIFK,4,3,2.94,3.27,3621
360,Ilves,JYP,6,3,3.46,1.45,6561
361,HIFK,Ässät,4,3,2.39,2.91,8016
362,KooKoo,Lukko,6,2,5.84,2.39,3495
363,Pelicans,KalPa,3,4,2.1,4.23,2557
364,Sport,HPK,3,2,3.63,2.31,4274
365,Tappara,Jukurit,1,2,2.81,1.82,6025
366,Jukurit,KooKoo,1,4,1.83,2.89,2215
367,JYP,KalPa,0,3,2.23,4.1,3525
368,Lukko,HIFK,1,4,2.53,2.76,3925
369,Pelicans,HPK,1,3,2.62,2.58,3132
370,SaiPa,TPS,5,2,3.37,1.91,4014
371,Tappara,Sport,4,3,3.44,3.19,5602
372,Kärpät,Ilves,3,2,2.29,2.88,4558
373,HIFK,Tappara,3,2,3.12,2.9,8200
374,HPK,Pelicans,4,1,3.16,2.49,3814
375,KalPa,JYP,8,1,3.83,2.32,4311
376,KooKoo,Jukurit,7,1,3.45,2.04,4488
377,Ilves,K-Espoo,5,2,3.44,2.05,7723
378,Sport,Kärpät,5,1,2.13,2.2,5200
379,Ässät,SaiPa,2,3,2.76,2.66,4641
380,Sport,KalPa,2,3,1.83,4.19,5200
381,HIFK,Lukko,1,5,2.62,2.97,8091
382,JYP,HPK,2,1,3.66,2.49,3606
383,K-Espoo,SaiPa,3,0,1.85,1.97,4484
384,Kärpät,Pelicans,4,7,3.17,4.0,4145
385,Ässät,KalPa,1,4,2.65,4.1,3984
386,HIFK,Jukurit,3,4,1.82,1.86,7228
387,HPK,Ilves,2,3,1.36,3.56,4315
388,JYP,Pelicans,5,4,3.62,3.23,3643
389,Lukko,KooKoo,3,8,3.79,2.3,3789
390,Sport,K-Espoo,1,3,1.86,1.64,4141
391,TPS,Ässät,1,3,5.09,3.21,5149
392,Jukurit,Ilves,1,2,1.95,2.84,4200
393,KalPa,Sport,4,1,3.92,2.24,3580
394,Kärpät,HIFK,2,3,1.58,2.13,5478
395,SaiPa,JYP,6,3,2.43,1.83,4820
396,Ässät,TPS,6,3,3.08,4.22,4984
397,KooKoo,HPK,6,3,3.63,1.99,5016
398,K-Espoo,Tappara,3,4,1.95,3.52,4365
399,Jukurit,Lukko,1,3,2.26,3.11,2129
400,Kärpät,KooKoo,2,1,2.9,2.13,4158
401,Pelicans,Ilves,2,1,2.5,2.7,3005
402,SaiPa,HPK,3,5,3.29,2.42,3563
403,TPS,JYP,6,3,4.46,2.45,5750
404,Sport,KooKoo,2,5,4.46,2.66,3286
181,HPK,JYP,3,0,1.88,1.63,3588
405,Ilves,Tappara,2,0,3.44,3.15,12700
406,Jukurit,Pelicans,1,3,2.18,2.16,2110
407,KalPa,Kärpät,4,3,3.62,1.66,4347
408,Lukko,SaiPa,2,0,3.46,1.45,3491
409,HIFK,TPS,3,2,3.57,2.25,7654
410,HPK,K-Espoo,5,4,2.59,3.18,3412
411,JYP,Ilves,3,1,1.47,1.88,3763
412,KalPa,Kärpät,7,5,3.92,2.43,4861
413,KooKoo,HIFK,0,2,3.61,1.57,4475
414,Pelicans,Jukurit,2,1,3.86,1.18,3433
415,Sport,Lukko,2,1,2.95,4.12,4292
416,Tappara,Ässät,3,2,2.8,3.06,10609
417,TPS,SaiPa,6,0,3.99,2.47,5307
418,Ässät,Sport,0,3,2.24,1.09,5042
419,Ilves,Lukko,5,1,2.99,1.54,11082
420,JYP,SaiPa,4,5,2.19,2.14,4437
421,K-Espoo,Pelicans,3,2,2.43,3.99,5113
422,Tappara,KooKoo,3,4,2.18,2.44,7125
423,TPS,Jukurit,5,3,3.03,1.88,5042
424,Ässät,HIFK,3,4,3.55,4.03,4574
425,Ilves,HPK,0,4,1.45,2.51,10229
426,SaiPa,KalPa,3,2,1.38,3.97,3849
427,HIFK,JYP,1,0,1.69,2.13,8200
428,Jukurit,K-Espoo,1,4,3.37,1.54,2063
429,KooKoo,Ässät,4,3,3.82,2.11,3507
430,Pelicans,Sport,5,0,2.86,1.95,3376
431,Tappara,TPS,2,5,3.19,3.54,9201
432,Lukko,Kärpät,2,1,2.31,1.94,3546
433,TPS,Tappara,2,7,2.02,3.13,9092
434,HPK,Sport,3,2,2.08,2.8,3867
435,K-Espoo,HIFK,4,3,1.62,2.08,6982
436,KalPa,Pelicans,6,3,5.14,2.18,4430
437,SaiPa,Ilves,3,6,1.8,2.62,4820
438,Ässät,Kärpät,3,1,2.39,2.09,4318
439,Tappara,HPK,3,1,2.93,3.94,7255
440,HIFK,SaiPa,3,4,2.6,3.46,8200
441,Ilves,KalPa,2,3,3.31,2.41,7524
442,Jukurit,Sport,3,6,3.01,2.59,2286
443,K-Espoo,TPS,2,1,2.11,1.59,3698
444,Kärpät,JYP,4,3,2.78,2.91,5502
445,Pelicans,Ässät,1,3,4.88,2.11,2734
446,HPK,HIFK,2,3,2.28,1.33,4205
447,KalPa,K-Espoo,2,4,3.95,2.19,3926
448,KooKoo,JYP,4,6,2.29,4.57,3128
449,SaiPa,Jukurit,2,4,3.96,1.56,4157
450,Sport,TPS,3,4,1.97,4.79,5143
451,Ässät,Lukko,1,4,2.12,4.19,6000
452,Tappara,Ilves,2,3,0.93,3.0,12700
453,Ilves,KooKoo,1,2,3.28,3.7,8722
454,Jukurit,KalPa,2,9,0.55,4.77,2649
455,JYP,K-Espoo,3,0,3.04,2.49,3600
456,Lukko,Ässät,2,0,2.8,1.7,4500
457,Pelicans,SaiPa,3,4,1.48,3.29,4036
458,TPS,Sport,3,2,1.89,3.44,5820
459,Kärpät,Tappara,2,4,3.63,1.48,6000
460,HPK,KooKoo,4,6,4.57,3.16,2999
461,Ilves,Pelicans,4,2,2.38,2.14,6613
462,K-Espoo,Jukurit,2,3,3.9,2.54,3888
463,KalPa,TPS,1,0,2.78,2.46,3585
464,Lukko,JYP,3,2,2.72,2.58,4012
465,Tappara,Kärpät,0,3,2.79,2.26,7860
466,Jukurit,Ässät,4,3,3.51,3.46,2528
468,HPK,SaiPa,2,3,2.49,3.83,3562
469,KooKoo,KalPa,5,1,4.56,3.97,3882
470,Sport,K-Espoo,3,2,2.78,3.59,4939
471,Tappara,Pelicans,0,1,3.86,1.24,7915
472,TPS,Lukko,1,4,2.93,2.85,8651
467,HIFK,Kärpät,3,0,2.67,1.53,8200
473,Jukurit,Tappara,2,6,2.34,3.23,2694
474,JYP,Sport,2,4,3.16,1.21,4040
475,KalPa,Ilves,6,3,2.89,1.77,5266
476,Kärpät,HIFK,1,2,2.23,1.68,6000
477,Lukko,HPK,6,1,3.79,1.01,4227
478,Pelicans,TPS,3,4,1.5,2.41,4131
479,SaiPa,KooKoo,2,1,2.17,1.72,4820
480,Ässät,K-Espoo,4,1,2.55,2.77,4454
51177,SaiPa,TPS,1,2,3.03,1.16,3170
51178,KooKoo,Sport,1,3,3.23,1.92,2685
51179,Ässät,HPK,3,2,2.88,1.68,4071
51180,K-Espoo,Tappara,1,0,2.46,3.22,3578
51181,TPS,SaiPa,6,2,3.88,4.1,5104
51182,Sport,KooKoo,0,3,1.86,3.87,3426
51183,HPK,Ässät,1,2,2.64,2.49,3159
51184,Tappara,K-Espoo,6,1,3.22,2.05,6012
51169,Pelicans,Jukurit,2,1,0.99,2.64,2411
51185,SaiPa,TPS,3,0,3.78,3.06,4536
51186,KooKoo,Sport,1,2,2.77,1.51,3542
51187,Ässät,HPK,5,1,3.83,2.35,6000
51188,K-Espoo,Tappara,5,2,1.72,2.96,6078
51170,Jukurit,Pelicans,2,1,2.68,1.64,2300
51189,TPS,SaiPa,1,2,2.58,2.69,6266
51190,Sport,KooKoo,4,2,2.69,3.14,5107
51192,Tappara,K-Espoo,2,1,2.26,2.95,7577
51193,SaiPa,TPS,3,2,3.58,1.51,4820
51196,K-Espoo,Tappara,3,4,2.14,3.99,6326
51171,Pelicans,Jukurit,3,8,2.91,4.99,2004
52405,Lukko,Sport,6,2,3.32,1.52,3619
52406,Ilves,Tappara,4,0,2.04,2.34,10542
52407,KalPa,Ässät,1,2,3.36,2.44,4484
52408,HIFK,SaiPa,1,4,1.62,2.75,7896
52409,Sport,Lukko,1,4,2.77,1.75,5007
51172,Jukurit,Pelicans,4,1,1.8,2.01,3208
52410,Tappara,Ilves,1,2,2.82,2.59,10631
52411,Ässät,KalPa,1,3,4.67,2.33,6000
52412,SaiPa,HIFK,2,1,3.01,1.59,4820
51174,Pelicans,Jukurit,2,3,2.01,3.79,2268
52416,HIFK,SaiPa,0,2,3.5,2.52,8200
52413,Lukko,Sport,5,1,1.6,1.76,3753
52414,Ilves,Tappara,3,2,1.75,3.03,12141
52415,KalPa,Ässät,4,1,4.38,3.38,4275
52417,Sport,Lukko,1,3,1.93,1.36,3348
52418,Tappara,Ilves,1,6,1.81,3.05,8065
52419,Ässät,KalPa,1,2,2.1,3.75,5034
52420,SaiPa,HIFK,6,2,2.51,1.5,4820
52423,KalPa,Ässät,0,2,2.26,2.57,5300
52427,Ässät,KalPa,5,0,3.05,2.7,5804
51139,Pelicans,Jokerit,5,0,3.22,0.97,4153
52431,KalPa,Ässät,3,2,2.67,3.25,4346
51140,Jokerit,Pelicans,4,3,2.5,4.64,7946
52433,Lukko,SaiPa,1,2,2.66,1.85,4427
52434,Ilves,KalPa,2,3,3.67,4.07,10597
51141,Pelicans,Jokerit,2,0,3.17,1.48,4404
52435,SaiPa,Lukko,3,5,2.34,2.85,4820
52436,KalPa,Ilves,3,2,4.33,2.46,5005
52437,Lukko,SaiPa,1,2,4.71,3.14,4082
52438,Ilves,KalPa,3,0,3.54,1.55,8918
51142,Jokerit,Pelicans,3,4,3.02,4.02,8114
52439,SaiPa,Lukko,5,2,3.55,1.73,4820
52440,KalPa,Ilves,1,0,1.43,3.04,5102
51143,Pelicans,Jokerit,4,0,2.52,1.79,4012
52441,Lukko,SaiPa,3,2,1.89,2.76,4500
52442,Ilves,KalPa,3,1,1.85,1.78,10985
52443,SaiPa,Lukko,2,1,2.87,2.39,4820
52444,KalPa,Ilves,5,4,3.58,3.09,5300
52447,KalPa,SaiPa,2,6,3.04,2.68,5300
52454,Lukko,Ilves,4,5,2.85,2.28,4067
52448,SaiPa,KalPa,2,5,3.57,1.96,4820
52449,KalPa,SaiPa,8,1,2.78,2.38,5300
52450,SaiPa,KalPa,0,2,1.53,1.8,4820
52451,KalPa,SaiPa,2,4,3.14,2.62,5300
52452,SaiPa,KalPa,2,3,2.99,3.15,4820
